epoch,loss,mae,mape,mse,val_loss,val_mae,val_mape,val_mse
0,0.8056647133641419,0.68100685,129.74753,0.8056648,0.09505581967532635,0.23944642,174.08331,0.11444674
