epoch,loss,val_loss
0,0.6689476370811462,0.5265347421169281
