epoch,loss,mae,mape,mse,val_loss,val_mae,val_mape,val_mse
0,1.585708565513309,0.035565335,648.55365,1.5857084,0.0027257071301977306,0.045360282,1534.2706,0.0027613635
1,0.6792163110273491,0.022024773,396.55405,0.6792162,0.00012204716872339746,0.008121991,330.4199,0.0001218329
2,1.1323672475255597,0.025757622,375.11865,1.1323673,0.00016161579862617343,0.009935794,379.60223,0.00016226168
3,1.1319651068526824,0.026518358,367.89484,1.1319652,0.00012880944354992158,0.0089905355,460.25964,0.00012574282
4,0.9055308308235914,0.021516766,359.34012,0.9055308,0.0001688705189447472,0.010832832,545.3208,0.00016478101
